{
  "step": [
    250,
    500,
    750,
    1000,
    1250,
    1500,
    1750,
    2000
  ],
  "train_loss": [
    1.44503226518631,
    1.1936518955230713,
    1.0945931627750396,
    1.0403178510069848,
    1.0020243491649627,
    0.9738953328927358,
    0.9527862959589277,
    0.9356922974586487
  ],
  "val_accuracy": [
    0.008,
    0.014,
    0.016,
    0.014,
    0.018,
    0.014,
    0.014,
    0.016
  ],
  "peak_memory_bytes": [
    3516803072,
    3516803072,
    3516803072,
    3516803072,
    3516803072,
    3516803072,
    3516803072,
    3516803072
  ],
  "sec_per_step": [
    0.001387354320013401,
    0.0012227061580060764,
    0.0011740346000054464,
    0.001147566540002117,
    0.0011264692944034324,
    0.0011058110300054978,
    0.0010914540440036425,
    0.0010802344574988184
  ]
}