{
  "epoch": [
    1,
    2,
    3,
    4,
    5,
    6,
    7,
    8,
    9,
    10,
    11,
    12,
    13,
    14,
    15,
    16,
    17,
    18,
    19,
    20
  ],
  "train_loss": [
    4.842951831817627,
    4.290634651184082,
    4.063450317382813,
    3.9231495809555055,
    3.845962653160095,
    3.7483161306381225,
    3.708978743553162,
    3.6480089473724364,
    3.6182233572006224,
    3.572835154533386,
    3.5412326145172117,
    3.5241311025619506,
    3.47471688747406,
    3.4523237657547,
    3.4233606100082397,
    3.4008465814590454,
    3.388598017692566,
    3.3750236892700194,
    3.3663573360443113,
    3.360383586883545
  ],
  "val_acc": [
    0.5631188118811881,
    0.6596534653465347,
    0.7574257425742574,
    0.7400990099009901,
    0.8131188118811881,
    0.8415841584158416,
    0.8483910891089109,
    0.8582920792079208,
    0.869430693069307,
    0.8570544554455446,
    0.8811881188118812,
    0.8719059405940595,
    0.8743811881188119,
    0.8997524752475248,
    0.8960396039603961,
    0.8991336633663366,
    0.900990099009901,
    0.906559405940594,
    0.905940594059406,
    0.9090346534653465
  ]
}