{
  "epoch": [
    1,
    2,
    3,
    4,
    5,
    6,
    7,
    8,
    9,
    10,
    11,
    12,
    13,
    14,
    15,
    16,
    17,
    18,
    19,
    20,
    21,
    22,
    23,
    24,
    25,
    26,
    27,
    28,
    29,
    30,
    31,
    32,
    33,
    34,
    35,
    36,
    37,
    38,
    39,
    40,
    41,
    42,
    43,
    44,
    45,
    46,
    47,
    48,
    49,
    50
  ],
  "train_loss": [
    4.987734565734863,
    4.345148634910584,
    4.076748900413513,
    3.964104022979736,
    3.8589248657226562,
    3.7967197942733764,
    3.7518162441253664,
    3.69510169506073,
    3.650202169418335,
    3.6459744644165037,
    3.596789321899414,
    3.567541117668152,
    3.553042335510254,
    3.5306481456756593,
    3.512955541610718,
    3.4959099292755127,
    3.4713455867767333,
    3.4664101886749266,
    3.4499345684051512,
    3.44219247341156,
    3.419440760612488,
    3.4196570777893065,
    3.392247428894043,
    3.3983176279067995,
    3.388535795211792,
    3.3679184913635254,
    3.3532355642318725,
    3.3540935134887695,
    3.340713152885437,
    3.3458053255081177,
    3.334985432624817,
    3.323911123275757,
    3.3229260206222535,
    3.3169363498687745,
    3.3068143463134767,
    3.3047196865081787,
    3.2982599258422853,
    3.293982186317444,
    3.299217104911804,
    3.2899355506896972,
    3.2876664066314696,
    3.2844513940811155,
    3.282616195678711,
    3.284283652305603,
    3.28219135761261,
    3.281580410003662,
    3.280382237434387,
    3.280113959312439,
    3.278234014511108,
    3.278012294769287
  ],
  "val_acc": [
    0.5476485148514851,
    0.661509900990099,
    0.7617574257425742,
    0.8131188118811881,
    0.8162128712871287,
    0.8081683168316832,
    0.8304455445544554,
    0.8539603960396039,
    0.8551980198019802,
    0.8551980198019802,
    0.8719059405940595,
    0.8768564356435643,
    0.8836633663366337,
    0.8706683168316832,
    0.8774752475247525,
    0.8879950495049505,
    0.8910891089108911,
    0.885519801980198,
    0.8873762376237624,
    0.8997524752475248,
    0.8923267326732673,
    0.9016089108910891,
    0.8954207920792079,
    0.8910891089108911,
    0.905940594059406,
    0.8997524752475248,
    0.911509900990099,
    0.9016089108910891,
    0.8966584158415841,
    0.9127475247524752,
    0.9028465346534653,
    0.9028465346534653,
    0.9152227722772277,
    0.9183168316831684,
    0.9121287128712872,
    0.9090346534653465,
    0.9214108910891089,
    0.9201732673267327,
    0.9152227722772277,
    0.9133663366336634,
    0.9238861386138614,
    0.9152227722772277,
    0.9164603960396039,
    0.9201732673267327,
    0.9220297029702971,
    0.9207920792079208,
    0.9207920792079208,
    0.9257425742574258,
    0.9238861386138614,
    0.9251237623762376
  ]
}