{
  "step": [
    250,
    500,
    750,
    1000,
    1250,
    1500,
    1750,
    2000
  ],
  "train_loss": [
    2.6221066274642943,
    1.9307711247205734,
    1.6268163189888,
    1.4588581842184067,
    1.351261582660675,
    1.274946164727211,
    1.218290478025164,
    1.1736883310079576
  ],
  "val_accuracy": [
    0.022,
    0.016,
    0.014,
    0.014,
    0.014,
    0.014,
    0.014,
    0.014
  ],
  "peak_memory_bytes": [
    6953424896,
    6953424896,
    6953424896,
    6953424896,
    6953424896,
    6953424896,
    6953424896,
    6953424896
  ],
  "sec_per_step": [
    0.0008231938360040658,
    0.0008169994660065641,
    0.0008149667306764362,
    0.0008138363540097089,
    0.000812322456007314,
    0.0008121394626726517,
    0.0008125842777197768,
    0.0008129359170059161
  ]
}