{
  "method": "lora",
  "rank": 8,
  "alpha": 16.0,
  "trainable_params": 275373,
  "epoch": [
    1,
    2,
    3,
    4,
    5,
    6,
    7,
    8,
    9,
    10
  ],
  "train_loss": [
    3.5193152670957604,
    3.085638292792703,
    2.8581018253248565,
    2.7306633563268754,
    2.6348525877712534,
    2.5612539920677135,
    2.5126202333541143,
    2.483199800763811,
    2.46966620853969,
    2.463157574335734
  ],
  "test_acc": [
    0.1442857142857143,
    0.22507936507936507,
    0.24587301587301588,
    0.2650793650793651,
    0.2885714285714286,
    0.29523809523809524,
    0.3088888888888889,
    0.30746031746031743,
    0.3080952380952381,
    0.30857142857142855
  ],
  "peak_memory_bytes": 1037482496,
  "wall_time_seconds": 124.5161351669999
}