{
  "step": [
    250,
    500,
    750,
    1000,
    1250,
    1500,
    1750,
    2000
  ],
  "train_loss": [
    2.0743172969818113,
    1.5917859400510788,
    1.3719442199071248,
    1.2510538964271545,
    1.1757431149959565,
    1.1212433814207712,
    1.08044065117836,
    1.0482072137892247
  ],
  "val_accuracy": [
    0.016,
    0.016,
    0.014,
    0.018,
    0.012,
    0.016,
    0.026,
    0.016
  ],
  "peak_memory_bytes": [
    6954250752,
    6954250752,
    6954250752,
    6954250752,
    6954250752,
    6954250752,
    6954250752,
    6954250752
  ],
  "sec_per_step": [
    0.001112727204021212,
    0.0011047050980196218,
    0.001102654692006278,
    0.001101181106995682,
    0.0010984897031943548,
    0.0010968545439997493,
    0.0010957887331455173,
    0.00109681497450174
  ]
}